payment_id,flight_id,passenger_id,payment_method,payment_date,amount,payment_status
1,37,591,Cash,2025-10-03,1533.52,Completed
2,42,1056,Bank Transfer,2025-11-10,2271.48,Completed
3,31,1060,Cash,2025-11-14,2189.76,Completed
4,4,965,Paypal,2025-10-07,2242.97,Failed
5,46,972,Cash,2025-11-16,421.3,Completed
6,25,480,Card,2025-10-31,2595.76,Completed
7,28,859,Cash,2025-10-17,2891.71,Completed
8,21,152,Paypal,2025-11-04,2493.62,Completed
10,25,678,Paypal,2025-11-03,2863.67,Completed
11,13,106,Cash,2025-11-02,102.99,Completed
12,48,735,Paypal,2025-11-12,2336.6,Completed
13,29,984,Cash,2025-10-19,1257.79,Completed
14,9,461,Bank Transfer,2025-10-02,1598.62,Completed
15,24,1085,Bank Transfer,2025-10-31,711.86,Completed
16,25,966,Paypal,2025-10-19,160.36,Completed
17,35,704,Card,2025-10-07,2066.43,Completed
18,16,392,Card,2025-11-08,2604.48,Completed
19,39,367,Cash,2025-10-09,1208.49,Completed
20,36,1088,Paypal,2025-11-03,2292.7,Completed
21,8,722,Paypal,2025-10-27,1172.33,Completed
22,5,589,Cash,2025-10-10,2219.52,Completed
23,8,542,Card,2025-10-16,2323.13,Completed
24,33,596,Cash,2025-10-15,2154.75,Completed
25,45,245,Cash,2025-10-20,142.21,Completed
26,31,335,Cash,2025-11-14,737.32,Completed
27,38,168,Card,2025-10-03,701.07,Completed
28,10,65,Paypal,2025-10-27,2029.63,Completed
29,35,586,Cash,2025-10-28,1479.5,Failed
30,42,819,Paypal,2025-10-09,1857.78,Completed
31,48,252,Card,2025-11-06,1350.6,Completed
32,5,525,Card,2025-11-13,1566.28,Completed
33,42,4,Card,2025-10-08,1412.28,Completed
34,37,77,Cash,2025-10-17,322.6,Completed
35,49,152,Cash,2025-10-18,2173.32,Completed
36,32,629,Paypal,2025-10-20,429.82,Completed
37,23,1076,Cash,2025-10-31,947.42,Failed
38,16,1034,Paypal,2025-10-05,2873.46,Completed
39,1,933,Card,2025-11-04,320.17,Completed
40,20,857,Cash,2025-10-16,1608.92,Completed
41,37,926,Bank Transfer,2025-11-08,399.53,Completed
42,40,982,Bank Transfer,2025-10-11,753.36,Completed
43,23,161,Bank Transfer,2025-10-14,1033.66,Completed
44,25,259,Card,2025-11-01,2974.46,Completed
45,7,341,Bank Transfer,2025-11-04,1113.26,Completed
46,25,1063,Paypal,2025-11-05,2389.83,Completed
47,8,1042,Card,2025-11-07,2240.05,Completed
48,38,955,Cash,2025-10-31,1101.31,Completed
49,30,752,Cash,2025-11-09,1232.67,Completed
50,17,336,Paypal,2025-11-06,166.28,Completed
51,2,541,Paypal,2025-10-29,2883.2,Completed
52,11,1079,Cash,2025-10-11,2930.81,Completed
53,29,572,Card,2025-10-24,922.46,Completed
54,10,712,Cash,2025-10-14,858.77,Completed
55,16,1013,Bank Transfer,2025-11-01,1834.97,Completed
56,12,17,Cash,2025-10-02,867.91,Completed
57,4,387,Card,2025-11-15,1546.11,Completed
58,50,155,Cash,2025-11-05,2305.18,Completed
59,5,86,Bank Transfer,2025-11-15,2321.71,Completed
60,26,878,Paypal,2025-10-22,1811.66,Completed
61,2,229,Card,2025-10-04,2691.19,Completed
62,25,399,Paypal,2025-11-03,2395.36,Completed
63,23,107,Card,2025-10-20,1582.6,Completed
64,8,729,Paypal,2025-11-09,1218.65,Completed
65,3,368,Paypal,2025-10-27,236.66,Completed
66,44,396,Cash,2025-10-26,332.4,Completed
67,25,311,Cash,2025-11-16,1982.35,Completed
68,42,675,Paypal,2025-11-08,1080.23,Completed
69,12,403,Paypal,2025-11-06,761.44,Completed
70,3,279,Card,2025-10-23,386.29,Completed
71,35,984,Cash,2025-10-25,2432.74,Completed
72,28,1008,Cash,2025-11-13,2251.94,Completed
73,27,67,Paypal,2025-11-13,727.76,Completed
74,26,90,Card,2025-10-29,2715.51,Completed
75,37,248,Bank Transfer,2025-11-06,2824.69,Completed
76,11,501,Bank Transfer,2025-10-12,2354.12,Failed
77,27,1079,Card,2025-10-10,2163.2,Completed
78,19,953,Paypal,2025-10-19,990.48,Completed
79,12,1051,Cash,2025-11-04,925.11,Completed
80,30,638,Bank Transfer,2025-10-03,2407.42,Completed
81,49,906,Bank Transfer,2025-11-02,962.46,Failed
82,39,426,Cash,2025-11-12,812.2,Completed
84,4,714,Paypal,2025-10-16,1573.37,Completed
85,30,239,Paypal,2025-10-06,1657.66,Completed
86,36,286,Card,2025-11-01,1648.77,Completed
87,47,477,Card,2025-10-05,383.21,Completed
88,30,407,Bank Transfer,2025-11-03,1004.07,Completed
89,22,164,Paypal,2025-11-12,986.87,Failed
90,31,952,Card,2025-10-05,973.66,Failed
91,25,940,Cash,2025-10-09,2776.7,Completed
92,2,670,Cash,2025-10-31,1940.72,Completed
93,27,842,Card,2025-10-09,213.52,Completed
94,18,714,Bank Transfer,2025-10-10,2043.1,Completed
95,32,534,Card,2025-10-05,1909.49,Completed
96,22,467,Paypal,2025-10-28,2267.44,Completed
97,20,132,Bank Transfer,2025-11-12,2141.8,Completed
98,19,949,Paypal,2025-10-11,1985.46,Completed
99,6,749,Bank Transfer,2025-10-07,2471.4,Completed
100,43,625,Cash,2025-11-06,1861.77,Completed
101,26,661,Cash,2025-10-18,625.17,Completed
102,27,561,Bank Transfer,2025-10-05,2230.01,Completed
103,31,1014,Bank Transfer,2025-11-07,911.54,Completed
104,28,175,Cash,2025-10-04,2024.68,Completed
105,35,590,Bank Transfer,2025-10-31,1141.92,Completed
106,47,792,Bank Transfer,2025-10-24,1186.38,Completed
107,26,603,Card,2025-10-23,2497.3,Failed
108,35,887,Card,2025-11-11,1157.58,Completed
109,11,168,Card,2025-11-03,2738.76,Completed
110,17,856,Cash,2025-10-18,919.83,Failed
111,38,1013,Paypal,2025-11-03,2236.27,Completed
112,4,232,Card,2025-11-07,2948.7,Completed
113,14,555,Bank Transfer,2025-10-01,692.36,Completed
114,3,771,Bank Transfer,2025-10-16,394.75,Completed
115,1,905,Cash,2025-10-24,2409.09,Failed
116,43,478,Card,2025-11-14,1483.46,Completed
117,42,439,Cash,2025-11-14,586.37,Refunded
118,23,873,Bank Transfer,2025-10-09,1194.23,Completed
119,5,657,Paypal,2025-10-18,2040.56,Completed
120,19,759,Card,2025-11-07,195.04,Completed
121,9,209,Card,2025-10-18,934.82,Completed
122,3,204,Cash,2025-10-01,1647.47,Completed
123,50,30,Paypal,2025-10-10,2730.34,Completed
124,38,674,Bank Transfer,2025-10-04,1200.88,Failed
125,19,796,Card,2025-11-12,1449.97,Completed
126,39,143,Bank Transfer,2025-10-14,2616.26,Completed
127,1,715,Paypal,2025-11-14,2560.44,Completed
128,37,685,Card,2025-11-15,2440.05,Completed
129,5,159,Card,2025-11-16,1089.15,Failed
130,45,779,Bank Transfer,2025-10-26,1695.63,Completed
131,26,642,Paypal,2025-10-31,1854.77,Completed
133,11,868,Paypal,2025-10-05,597.46,Completed
134,13,158,Bank Transfer,2025-10-20,170.18,Completed
135,27,394,Cash,2025-10-07,1411.64,Completed
136,11,360,Cash,2025-10-21,2916.76,Completed
137,13,62,Paypal,2025-11-13,2371.9,Completed
138,33,500,Bank Transfer,2025-10-28,868.39,Completed
139,33,264,Card,2025-10-31,2645.63,Completed
140,3,841,Paypal,2025-10-23,400.83,Failed
141,7,566,Paypal,2025-10-16,420.74,Completed
142,26,134,Cash,2025-11-16,2762.65,Completed
143,9,522,Card,2025-10-15,2777.48,Completed
144,8,481,Card,2025-11-01,2879.7,Completed
145,44,556,Card,2025-10-07,2725.65,Completed
146,22,564,Cash,2025-10-25,1821.76,Completed
147,35,848,Paypal,2025-11-14,2630.15,Completed
148,46,137,Paypal,2025-11-07,2535.27,Completed
149,35,786,Paypal,2025-11-08,1929.3,Completed
150,40,762,Paypal,2025-11-02,627.89,Completed
151,48,622,Cash,2025-11-15,1105.32,Failed
152,22,633,Card,2025-11-05,1796.12,Completed
153,3,619,Bank Transfer,2025-11-08,1057.76,Failed
154,50,340,Card,2025-11-08,829.89,Completed
155,5,50,Paypal,2025-10-05,469.15,Completed
156,33,708,Bank Transfer,2025-10-27,2785.08,Failed
157,40,232,Cash,2025-10-27,808.47,Completed
158,35,755,Bank Transfer,2025-11-14,571.82,Completed
159,44,666,Paypal,2025-10-12,471.32,Completed
160,29,375,Cash,2025-10-22,751.82,Completed
161,38,236,Bank Transfer,2025-10-13,1882.58,Completed
162,8,622,Paypal,2025-10-31,2516.78,Completed
163,19,990,Bank Transfer,2025-11-09,1247.37,Completed
164,6,125,Cash,2025-11-09,628.33,Completed
165,47,270,Cash,2025-10-02,2385.48,Completed
166,39,415,Paypal,2025-11-07,2497.17,Completed
167,49,408,Bank Transfer,2025-11-09,2267.87,Completed
168,6,1097,Paypal,2025-10-12,1767.08,Completed
169,50,917,Card,2025-11-08,1590.28,Completed
170,23,880,Cash,2025-10-11,1624.23,Failed
171,42,986,Bank Transfer,2025-11-15,494.89,Completed
172,29,443,Paypal,2025-10-30,2338.61,Completed
173,4,235,Paypal,2025-10-24,1971.65,Completed
174,43,703,Cash,2025-11-07,528.74,Completed
175,2,565,Card,2025-10-25,2053.18,Completed
176,16,261,Card,2025-11-13,731.06,Completed
177,31,666,Cash,2025-10-21,836.74,Completed
178,18,1080,Paypal,2025-10-08,2025.42,Completed
179,36,327,Card,2025-10-29,1932.73,Completed
180,25,803,Card,2025-11-12,1810.7,Completed
181,43,1041,Paypal,2025-10-01,1719.11,Completed
182,27,885,Card,2025-11-07,1755.73,Completed
183,47,387,Card,2025-10-24,2103.19,Completed
184,40,554,Bank Transfer,2025-11-14,1388.09,Completed
185,28,157,Cash,2025-10-12,2136.21,Failed
186,1,439,Bank Transfer,2025-10-07,2466.26,Completed
187,3,100,Cash,2025-10-07,1706.54,Completed
188,1,476,Bank Transfer,2025-11-04,843.14,Completed
189,20,405,Cash,2025-11-14,2874.6,Completed
191,26,949,Card,2025-10-11,1590.16,Completed
192,48,875,Card,2025-10-24,518.52,Completed
193,33,101,Bank Transfer,2025-10-26,1316.94,Completed
194,4,753,Cash,2025-11-16,1817.44,Completed
195,46,1016,Paypal,2025-11-13,2264.26,Completed
196,27,292,Bank Transfer,2025-10-25,2174.41,Completed
197,20,831,Paypal,2025-10-29,710.11,Completed
198,46,544,Card,2025-11-12,1120.57,Failed
199,20,161,Card,2025-10-02,2609.22,Completed
200,30,231,Card,2025-10-01,229.18,Completed
201,6,540,Paypal,2025-10-06,869.49,Completed
202,42,407,Paypal,2025-10-04,281.39,Completed
203,41,902,Cash,2025-11-08,2817.53,Completed
204,34,220,Card,2025-10-02,968.13,Completed
206,20,1080,Bank Transfer,2025-10-02,2555.65,Completed
207,29,208,Paypal,2025-10-06,1041.4,Failed
208,41,239,Bank Transfer,2025-10-18,2973.18,Completed
209,36,358,Card,2025-10-13,2725.34,Completed
210,47,533,Bank Transfer,2025-10-06,972.28,Completed
211,42,866,Bank Transfer,2025-10-23,1485.01,Completed
212,20,942,Cash,2025-11-06,2872.99,Completed
213,22,445,Bank Transfer,2025-10-31,2959.89,Completed
214,8,29,Paypal,2025-10-18,535.31,Completed
215,36,85,Bank Transfer,2025-11-14,2512.15,Completed
216,13,793,Cash,2025-10-25,390.59,Completed
217,32,23,Cash,2025-11-12,515.78,Completed
219,19,435,Bank Transfer,2025-11-15,2298.13,Completed
220,29,502,Paypal,2025-10-06,2320.19,Completed
221,6,379,Cash,2025-10-09,356.76,Completed
222,15,551,Paypal,2025-10-15,2687.08,Completed
223,22,685,Bank Transfer,2025-10-11,2323.24,Completed
224,40,474,Bank Transfer,2025-10-26,2789.76,Completed
225,34,383,Bank Transfer,2025-11-16,1262.93,Completed
226,17,1049,Bank Transfer,2025-11-04,2162.28,Completed
227,47,513,Paypal,2025-10-07,1255.49,Refunded
228,10,1020,Bank Transfer,2025-11-16,204.83,Completed
229,48,1,Bank Transfer,2025-11-09,1823.87,Completed
230,34,126,Bank Transfer,2025-11-13,415.6,Completed
231,27,925,Card,2025-10-09,2519.97,Completed
232,45,247,Cash,2025-11-03,195.58,Completed
233,39,1045,Paypal,2025-11-15,1192.32,Completed
234,6,769,Bank Transfer,2025-10-06,1369.45,Refunded
235,13,873,Paypal,2025-11-07,854.64,Completed
236,2,925,Paypal,2025-11-08,1158.82,Completed
237,28,666,Bank Transfer,2025-10-11,2146.43,Completed
238,1,697,Cash,2025-10-29,2464.45,Completed
239,15,14,Cash,2025-10-01,2980.09,Completed
240,11,814,Paypal,2025-11-12,1949.03,Completed
241,19,1015,Paypal,2025-10-05,2947.31,Refunded
242,40,949,Bank Transfer,2025-11-03,887.2,Completed
243,3,673,Bank Transfer,2025-11-07,435.81,Completed
244,34,1093,Card,2025-11-07,2908.02,Completed
245,1,223,Card,2025-11-06,216.64,Completed
246,11,793,Paypal,2025-11-12,1458.29,Completed
247,18,719,Cash,2025-10-27,1546.9,Completed
248,21,778,Cash,2025-10-24,1925.61,Completed
249,33,614,Paypal,2025-11-10,988.28,Completed
251,11,413,Card,2025-10-20,1736.97,Completed
252,26,166,Paypal,2025-11-14,2335.95,Completed
253,26,104,Card,2025-10-21,2100.84,Completed
254,35,30,Card,2025-11-11,1462.73,Completed
255,21,183,Cash,2025-11-16,1764.49,Completed
256,33,325,Paypal,2025-11-04,2527.24,Completed
257,12,661,Cash,2025-10-01,336.57,Completed
258,14,656,Paypal,2025-10-27,2644.58,Completed
259,17,224,Bank Transfer,2025-10-11,2597.83,Failed
260,46,1033,Paypal,2025-11-08,1992.43,Completed
261,1,896,Cash,2025-10-01,1276.48,Completed
262,29,919,Bank Transfer,2025-11-11,1415.26,Completed
263,29,494,Bank Transfer,2025-11-02,1559.4,Completed
264,43,467,Card,2025-10-02,1603.55,Completed
265,22,676,Bank Transfer,2025-10-07,1143.05,Completed
266,46,1066,Paypal,2025-11-16,1356.33,Completed
267,48,209,Cash,2025-11-06,959.2,Completed
268,15,241,Card,2025-10-30,1106.43,Completed
269,9,813,Paypal,2025-10-24,2375.89,Completed
270,31,637,Paypal,2025-11-08,1942.89,Completed
271,32,698,Bank Transfer,2025-11-03,1178.41,Completed
273,47,550,Paypal,2025-10-08,2248.01,Completed
274,44,680,Paypal,2025-10-01,569.24,Completed
275,1,535,Card,2025-10-21,1953.71,Completed
276,26,84,Bank Transfer,2025-10-20,1794.5,Completed
277,45,502,Bank Transfer,2025-11-12,1165.51,Failed
278,19,213,Paypal,2025-11-11,979.5,Completed
279,45,672,Card,2025-11-15,1140.68,Completed
280,38,830,Bank Transfer,2025-11-13,404.18,Completed
281,6,39,Bank Transfer,2025-10-28,2779.57,Refunded
282,17,69,Card,2025-11-12,1846.26,Completed
283,28,646,Bank Transfer,2025-10-28,1415.7,Completed
284,4,53,Paypal,2025-10-25,1073.12,Completed
285,24,846,Bank Transfer,2025-11-03,2676.38,Completed
286,40,651,Bank Transfer,2025-10-23,1116.92,Completed
287,29,850,Paypal,2025-11-07,593.42,Refunded
288,30,521,Bank Transfer,2025-10-01,1450.72,Completed
289,32,787,Bank Transfer,2025-10-11,326.78,Completed
290,38,366,Bank Transfer,2025-10-07,277.16,Completed
291,39,276,Bank Transfer,2025-10-03,655.94,Completed
292,33,263,Paypal,2025-10-19,2135.02,Failed
293,20,26,Paypal,2025-10-11,1760.48,Completed
294,47,790,Cash,2025-10-19,1474.39,Failed
295,30,362,Card,2025-11-13,881.39,Completed
296,49,117,Bank Transfer,2025-10-27,720.96,Completed
297,3,1035,Cash,2025-11-15,2111.79,Completed
298,38,86,Bank Transfer,2025-10-25,2765.06,Completed
299,38,639,Paypal,2025-11-17,2183.31,Completed
300,22,1095,Bank Transfer,2025-10-14,228.87,Completed
301,48,204,Bank Transfer,2025-10-05,2449.22,Completed
303,4,251,Card,2025-11-08,2157.45,Completed
304,24,694,Paypal,2025-10-17,2973.56,Completed
305,50,365,Paypal,2025-10-10,1065.03,Completed
307,11,428,Paypal,2025-11-15,1543.92,Completed
308,45,145,Bank Transfer,2025-10-14,809.81,Completed
309,32,588,Bank Transfer,2025-10-21,656.66,Completed
310,17,1027,Paypal,2025-10-22,1522.77,Completed
311,48,914,Cash,2025-10-23,1920.06,Completed
312,6,825,Cash,2025-11-12,2477.19,Completed
313,36,1090,Bank Transfer,2025-10-18,101.04,Completed
314,7,443,Paypal,2025-10-19,2579.66,Completed
315,10,281,Card,2025-10-09,1653.17,Completed
316,35,202,Cash,2025-11-04,2685.65,Completed
317,10,933,Bank Transfer,2025-10-07,165.81,Completed
318,19,654,Paypal,2025-11-04,1462.35,Completed
319,46,244,Card,2025-10-29,1378.66,Completed
320,42,484,Paypal,2025-10-25,582.42,Completed
321,22,640,Paypal,2025-11-04,2079.48,Completed
323,47,119,Cash,2025-10-07,1220.71,Completed
324,30,418,Bank Transfer,2025-11-06,1805.56,Completed
325,44,905,Card,2025-11-12,2938.19,Completed
326,31,858,Paypal,2025-10-01,2904.79,Completed
327,31,9,Paypal,2025-10-18,861.62,Completed
328,34,983,Card,2025-10-05,1086.81,Failed
329,6,1013,Cash,2025-10-27,2142.72,Completed
330,31,802,Bank Transfer,2025-10-01,336.04,Completed
331,2,65,Bank Transfer,2025-10-15,1625.41,Completed
332,13,39,Cash,2025-10-17,1818.57,Failed
333,38,710,Cash,2025-11-08,450.94,Completed
334,17,918,Cash,2025-10-24,2245.68,Completed
335,9,555,Card,2025-11-07,1339.83,Completed
336,38,777,Card,2025-11-14,1121.14,Completed
337,44,155,Card,2025-10-20,1074.45,Completed
338,26,118,Bank Transfer,2025-10-22,2854.35,Completed
339,22,576,Paypal,2025-10-31,1122.84,Completed
340,1,819,Cash,2025-11-15,1469.92,Completed
341,13,43,Cash,2025-11-02,344.88,Completed
342,22,112,Paypal,2025-10-18,2415.24,Failed
343,9,551,Cash,2025-10-13,381.26,Completed
344,15,1044,Card,2025-10-06,1818.22,Completed
345,48,80,Cash,2025-10-31,2682.19,Completed
346,50,13,Card,2025-10-30,2625.05,Completed
347,36,892,Cash,2025-11-01,2312.54,Completed
348,8,822,Bank Transfer,2025-10-30,1265.57,Completed
349,4,667,Cash,2025-10-01,1321.94,Completed
350,24,774,Card,2025-10-11,2219.86,Completed
351,36,230,Card,2025-10-21,2851.23,Completed
352,14,175,Paypal,2025-10-31,959.22,Completed
353,37,48,Card,2025-10-28,2851.81,Completed
354,7,826,Paypal,2025-10-15,632.67,Completed
355,18,857,Cash,2025-10-23,1756.18,Completed
356,39,844,Card,2025-10-09,1653.36,Completed
357,30,421,Bank Transfer,2025-10-28,1116.95,Completed
358,12,418,Paypal,2025-10-15,1082.57,Completed
359,50,549,Paypal,2025-11-03,2426.26,Completed
360,50,199,Card,2025-10-09,1283.68,Completed
362,31,1091,Paypal,2025-10-25,2616.07,Completed
363,43,137,Paypal,2025-11-06,762.66,Completed
364,25,835,Paypal,2025-11-13,1019.45,Completed
365,44,713,Paypal,2025-10-17,108.71,Completed
366,39,981,Bank Transfer,2025-10-20,1377.17,Completed
367,10,847,Card,2025-10-02,814.69,Completed
368,17,79,Paypal,2025-11-01,671.78,Completed
369,24,526,Bank Transfer,2025-10-30,1843.15,Completed
370,22,958,Paypal,2025-10-26,1299.18,Completed
371,13,1065,Card,2025-10-22,1459.28,Completed
372,42,375,Card,2025-10-16,390.64,Completed
374,8,68,Bank Transfer,2025-11-16,2191.29,Completed
375,40,966,Bank Transfer,2025-11-12,612.06,Completed
376,46,486,Cash,2025-10-29,2580.65,Completed
377,33,97,Paypal,2025-10-03,2596.88,Completed
378,48,671,Cash,2025-11-01,1072.72,Completed
379,22,718,Paypal,2025-11-06,1969.11,Refunded
380,14,1095,Paypal,2025-11-02,161.12,Refunded
381,21,685,Cash,2025-10-20,2398.3,Completed
382,27,978,Paypal,2025-10-20,2503.33,Completed
383,18,727,Cash,2025-11-16,2248.28,Completed
384,49,638,Paypal,2025-11-04,1213.66,Completed
385,32,97,Card,2025-11-09,261.94,Completed
386,19,939,Card,2025-11-06,2269.02,Completed
387,18,875,Cash,2025-10-17,622.22,Completed
388,34,89,Bank Transfer,2025-10-26,2404.46,Completed
389,44,871,Bank Transfer,2025-10-09,1050.71,Completed
390,4,464,Cash,2025-11-07,2113.43,Completed
391,10,696,Bank Transfer,2025-10-19,2681.53,Completed
392,6,315,Paypal,2025-11-04,744.45,Completed
393,21,906,Paypal,2025-10-23,237.73,Completed
394,29,415,Paypal,2025-11-14,2154.14,Completed
395,42,127,Bank Transfer,2025-11-12,1388.36,Completed
396,10,49,Card,2025-10-19,1841.86,Completed
397,4,316,Bank Transfer,2025-11-16,1806.13,Completed
398,2,251,Paypal,2025-10-15,1188.79,Completed
399,31,697,Bank Transfer,2025-11-07,2476.72,Completed
400,29,987,Bank Transfer,2025-10-28,276.31,Completed
401,34,573,Card,2025-11-03,485.59,Refunded
402,41,368,Paypal,2025-10-22,714.64,Completed
403,33,660,Cash,2025-10-01,834.58,Completed
404,49,167,Bank Transfer,2025-10-30,1221.24,Completed
405,9,318,Paypal,2025-10-08,1210.27,Completed
406,28,846,Paypal,2025-11-16,2332.46,Completed
407,40,710,Cash,2025-10-13,346.64,Completed
408,45,745,Bank Transfer,2025-10-01,880.46,Completed
409,35,12,Card,2025-10-08,2638.09,Completed
410,46,831,Paypal,2025-10-01,965.46,Completed
411,26,503,Bank Transfer,2025-10-06,869.07,Completed
412,47,980,Cash,2025-10-23,2692.02,Completed
413,9,493,Cash,2025-10-14,288.28,Completed
414,30,737,Card,2025-11-05,819.37,Completed
415,35,1037,Cash,2025-10-07,2279.14,Completed
416,28,864,Card,2025-11-12,592.02,Failed
417,41,900,Bank Transfer,2025-11-12,1106.3,Completed
418,8,1074,Bank Transfer,2025-10-30,2935.71,Completed
419,13,1048,Card,2025-10-19,2640.32,Completed
420,17,1099,Bank Transfer,2025-11-06,1642.37,Completed
421,5,925,Cash,2025-10-21,321.03,Completed
422,33,388,Cash,2025-10-15,1305.32,Completed
423,46,694,Cash,2025-10-26,2328.09,Failed
424,20,705,Bank Transfer,2025-10-06,2079.86,Completed
425,11,553,Cash,2025-11-04,1092.99,Completed
426,2,406,Card,2025-10-31,2752.25,Completed
427,5,114,Cash,2025-10-29,753.83,Completed
428,28,795,Bank Transfer,2025-10-20,2211.97,Completed
429,26,270,Cash,2025-11-15,2901.0,Completed
430,27,143,Cash,2025-11-10,342.85,Completed
431,13,34,Paypal,2025-10-23,2773.08,Completed
432,27,1077,Paypal,2025-10-07,1288.66,Completed
433,29,1031,Card,2025-10-25,238.04,Completed
434,23,895,Card,2025-10-24,2334.02,Completed
435,42,1,Cash,2025-11-14,478.18,Completed
437,12,1023,Cash,2025-11-15,2772.87,Completed
438,3,43,Paypal,2025-10-15,234.6,Completed
439,25,319,Card,2025-11-08,1739.04,Completed
440,4,799,Paypal,2025-10-16,1245.42,Failed
441,43,366,Card,2025-10-21,1962.41,Completed
442,14,159,Bank Transfer,2025-11-03,450.53,Completed
443,5,993,Cash,2025-10-11,1135.56,Completed
444,20,753,Bank Transfer,2025-11-12,201.5,Completed
445,1,165,Cash,2025-10-17,289.5,Completed
446,29,922,Cash,2025-10-19,2908.22,Failed
447,8,183,Bank Transfer,2025-11-07,1861.62,Completed
448,3,1029,Card,2025-11-11,2807.31,Completed
449,11,1064,Paypal,2025-11-12,1200.42,Completed
450,34,842,Bank Transfer,2025-10-05,1988.83,Completed
451,48,166,Paypal,2025-11-09,1402.0,Completed
452,9,674,Bank Transfer,2025-11-14,577.63,Completed
453,35,1006,Cash,2025-10-06,1921.34,Completed
454,7,992,Paypal,2025-10-15,162.93,Failed
455,46,229,Card,2025-10-10,1296.55,Failed
456,23,564,Card,2025-10-08,1941.37,Completed
457,27,1097,Paypal,2025-10-10,1294.9,Completed
458,10,1026,Card,2025-10-23,2698.01,Completed
459,1,10,Cash,2025-10-23,2876.17,Completed
460,50,287,Cash,2025-11-12,2327.02,Completed
461,21,454,Cash,2025-10-09,2672.78,Completed
462,27,1025,Cash,2025-10-11,1749.33,Completed
463,27,935,Card,2025-11-05,2372.08,Completed
464,23,468,Cash,2025-10-14,1218.55,Completed
466,22,246,Cash,2025-11-10,122.31,Completed
467,34,802,Cash,2025-10-09,2222.56,Completed
468,14,67,Paypal,2025-10-04,1990.76,Completed
469,50,624,Card,2025-10-12,2257.05,Completed
471,43,475,Bank Transfer,2025-10-17,352.11,Completed
472,22,538,Card,2025-11-11,2428.79,Completed
473,14,115,Bank Transfer,2025-10-28,2760.63,Completed
474,44,852,Card,2025-10-26,1960.59,Completed
475,27,1051,Bank Transfer,2025-10-09,1872.76,Completed
476,17,743,Paypal,2025-10-07,2673.19,Completed
477,13,686,Paypal,2025-10-08,2831.56,Failed
478,38,525,Cash,2025-11-15,1337.79,Completed
479,15,629,Paypal,2025-10-08,2917.76,Completed
480,16,949,Paypal,2025-10-16,215.21,Completed
483,46,802,Paypal,2025-10-15,2530.49,Completed
484,33,971,Card,2025-11-03,1038.1,Failed
485,39,445,Card,2025-10-30,1946.97,Completed
486,13,172,Paypal,2025-11-09,2827.2,Completed
487,43,618,Bank Transfer,2025-11-03,2321.51,Completed
488,47,730,Paypal,2025-10-24,2414.92,Completed
489,21,39,Paypal,2025-11-03,687.3,Completed
490,29,588,Bank Transfer,2025-10-29,882.9,Completed
491,31,1079,Card,2025-11-05,987.32,Completed
492,46,424,Card,2025-10-09,1046.4,Completed
493,27,839,Bank Transfer,2025-10-17,2973.53,Completed
494,44,247,Paypal,2025-11-05,1161.16,Completed
495,35,707,Cash,2025-10-27,2456.13,Completed
496,49,925,Bank Transfer,2025-10-10,503.68,Completed
497,29,1098,Bank Transfer,2025-11-11,1367.97,Completed
498,34,70,Paypal,2025-10-06,1571.11,Completed
499,41,916,Bank Transfer,2025-11-16,303.82,Failed
500,10,264,Bank Transfer,2025-11-04,1571.25,Completed
501,34,241,Bank Transfer,2025-10-17,2091.5,Completed
502,10,185,Paypal,2025-10-19,1548.61,Completed
503,16,93,Bank Transfer,2025-10-20,1154.3,Completed
504,20,786,Card,2025-10-05,1755.38,Completed
505,22,28,Bank Transfer,2025-11-01,1773.91,Completed
506,12,974,Bank Transfer,2025-10-30,2473.27,Completed
507,25,222,Card,2025-11-13,1133.71,Completed
508,9,827,Cash,2025-11-07,1197.59,Completed
509,42,643,Cash,2025-10-31,1956.62,Completed
510,8,67,Cash,2025-10-27,1927.92,Completed
511,44,99,Paypal,2025-11-11,2766.92,Completed
512,35,263,Card,2025-10-09,126.05,Failed
513,16,383,Cash,2025-10-25,1158.37,Completed
514,31,323,Bank Transfer,2025-11-11,844.98,Completed
515,41,522,Card,2025-10-26,1193.54,Completed
516,35,334,Bank Transfer,2025-10-07,2126.2,Completed
517,20,104,Paypal,2025-11-15,2543.95,Completed
518,32,79,Paypal,2025-10-20,2285.55,Completed
519,50,912,Card,2025-10-15,644.34,Completed
520,14,888,Bank Transfer,2025-11-09,2754.16,Completed
521,23,3,Card,2025-11-06,1207.78,Completed
522,21,111,Paypal,2025-10-25,2727.4,Completed
523,42,262,Cash,2025-10-05,1286.45,Completed
524,6,669,Bank Transfer,2025-10-31,338.53,Completed
525,22,646,Bank Transfer,2025-11-16,2259.3,Completed
526,36,764,Cash,2025-10-16,387.63,Completed
527,44,11,Paypal,2025-10-14,2190.15,Completed
528,14,384,Paypal,2025-10-03,1711.55,Completed
529,10,347,Bank Transfer,2025-10-06,2441.58,Failed
530,6,227,Cash,2025-10-21,1492.59,Completed
531,9,58,Cash,2025-11-06,1204.78,Completed
532,50,957,Bank Transfer,2025-10-19,950.62,Completed
533,40,910,Bank Transfer,2025-11-07,1798.41,Failed
534,28,651,Bank Transfer,2025-10-19,1100.8,Completed
535,38,699,Bank Transfer,2025-10-15,723.85,Completed
536,7,884,Bank Transfer,2025-10-08,1243.17,Completed
537,30,760,Card,2025-10-24,2532.78,Failed
538,2,146,Bank Transfer,2025-11-03,1845.08,Completed
539,9,335,Bank Transfer,2025-10-21,248.79,Completed
540,26,678,Cash,2025-10-07,1135.07,Completed
541,27,540,Cash,2025-10-21,1087.84,Completed
542,36,611,Bank Transfer,2025-10-13,1725.27,Completed
543,44,56,Card,2025-10-09,2349.56,Completed
544,18,826,Cash,2025-10-18,2598.45,Refunded
545,35,714,Card,2025-11-01,197.89,Completed
546,6,436,Bank Transfer,2025-11-07,2074.7,Completed
547,27,586,Cash,2025-11-09,2679.22,Completed
548,47,587,Bank Transfer,2025-11-06,1516.62,Failed
549,4,496,Paypal,2025-11-02,873.43,Completed
550,6,415,Cash,2025-10-11,2060.63,Completed
551,32,409,Cash,2025-10-21,1643.48,Completed
552,36,224,Paypal,2025-10-26,2281.07,Completed
553,11,997,Card,2025-11-02,1933.02,Completed
554,16,298,Card,2025-10-12,880.92,Completed
555,4,807,Bank Transfer,2025-11-09,2933.31,Completed
556,47,449,Cash,2025-10-17,2918.8,Completed
557,26,1095,Paypal,2025-10-30,2960.96,Completed
558,2,992,Bank Transfer,2025-11-11,1564.63,Failed
559,40,326,Paypal,2025-10-16,904.74,Completed
560,49,882,Cash,2025-10-26,1065.79,Completed
561,14,492,Card,2025-10-07,1151.04,Completed
562,1,25,Paypal,2025-10-23,2466.51,Refunded
563,43,171,Card,2025-10-07,1759.64,Completed
564,11,639,Paypal,2025-11-02,578.63,Completed
565,1,12,Cash,2025-11-10,2957.54,Completed
566,29,943,Cash,2025-10-07,2520.98,Refunded
567,33,919,Bank Transfer,2025-11-04,462.44,Completed
568,30,954,Card,2025-11-07,1975.29,Completed
569,2,202,Cash,2025-11-11,1662.08,Completed
570,16,688,Bank Transfer,2025-11-08,1022.25,Refunded
572,8,506,Paypal,2025-10-09,1988.47,Completed
573,9,854,Paypal,2025-10-24,2422.57,Completed
574,31,498,Card,2025-10-03,451.2,Completed
575,6,673,Paypal,2025-10-25,709.08,Completed
576,5,1035,Paypal,2025-10-07,2963.53,Completed
577,6,109,Bank Transfer,2025-10-10,1188.13,Completed
578,4,763,Cash,2025-10-16,1813.28,Completed
579,24,964,Cash,2025-10-22,182.89,Completed
580,47,1045,Card,2025-10-09,1998.42,Completed
581,5,349,Bank Transfer,2025-10-24,1059.33,Completed
582,37,831,Card,2025-10-06,1441.35,Completed
583,19,912,Bank Transfer,2025-10-10,479.12,Completed
584,47,649,Paypal,2025-11-13,1801.26,Failed
585,3,321,Bank Transfer,2025-10-23,1875.43,Completed
586,3,191,Card,2025-10-08,2375.62,Completed
587,36,177,Card,2025-10-29,1158.76,Completed
588,45,52,Card,2025-10-22,2231.29,Completed
589,2,478,Cash,2025-11-13,1682.16,Completed
590,35,126,Card,2025-11-05,2970.75,Completed
591,29,181,Bank Transfer,2025-11-12,1266.48,Completed
592,11,167,Cash,2025-10-28,610.64,Completed
593,11,1093,Card,2025-11-04,1099.25,Completed
594,26,405,Bank Transfer,2025-10-11,948.83,Completed
595,39,929,Card,2025-10-21,169.37,Completed
596,26,1046,Paypal,2025-11-02,2010.26,Completed
597,15,958,Card,2025-11-09,2630.64,Completed
598,35,103,Paypal,2025-10-18,1559.24,Completed
599,14,559,Cash,2025-10-16,306.39,Failed
600,23,369,Card,2025-10-26,821.31,Completed
601,31,1037,Bank Transfer,2025-10-17,1565.42,Completed
602,37,586,Card,2025-10-06,2780.74,Completed
603,16,979,Card,2025-10-18,2109.89,Refunded
604,17,123,Card,2025-11-15,2748.9,Completed
605,37,62,Cash,2025-10-02,1874.46,Completed
606,41,942,Paypal,2025-11-12,1619.61,Completed
607,6,170,Bank Transfer,2025-10-13,2686.03,Completed
608,15,1035,Card,2025-10-23,2882.11,Completed
609,40,648,Cash,2025-10-30,2188.41,Completed
610,9,577,Cash,2025-11-04,1364.0,Completed
611,39,650,Bank Transfer,2025-10-28,163.92,Completed
612,37,449,Card,2025-11-15,1610.74,Completed
613,17,803,Paypal,2025-10-11,1817.45,Completed
614,6,290,Cash,2025-10-23,169.9,Completed
615,50,719,Card,2025-10-04,586.36,Completed
616,24,523,Card,2025-10-16,837.18,Completed
617,20,102,Card,2025-10-13,1361.2,Completed
618,47,947,Paypal,2025-10-11,2942.41,Completed
619,44,345,Cash,2025-11-10,985.47,Completed
620,7,862,Card,2025-10-26,2816.81,Completed
621,32,733,Paypal,2025-10-24,382.32,Completed
622,27,703,Card,2025-10-13,2557.41,Completed
623,34,837,Cash,2025-11-15,2718.58,Completed
624,41,62,Paypal,2025-11-05,1976.11,Completed
625,27,52,Card,2025-10-08,1974.97,Completed
626,8,922,Bank Transfer,2025-10-25,2287.76,Completed
627,23,144,Paypal,2025-11-06,1188.74,Completed
628,30,580,Paypal,2025-10-22,1227.27,Completed
629,6,539,Paypal,2025-11-15,2602.41,Completed
630,15,836,Cash,2025-11-15,2786.96,Failed
631,22,517,Paypal,2025-10-15,118.62,Completed
632,13,133,Paypal,2025-11-05,169.12,Completed
633,30,732,Bank Transfer,2025-10-31,2146.06,Completed
634,39,542,Card,2025-10-31,2649.07,Completed
635,33,547,Cash,2025-10-29,781.14,Completed
636,33,900,Paypal,2025-10-29,2121.02,Refunded
637,1,1039,Card,2025-11-03,328.41,Completed
638,30,297,Bank Transfer,2025-10-02,2915.88,Completed
639,25,568,Paypal,2025-11-06,864.13,Completed
640,11,138,Cash,2025-10-16,1509.03,Completed
641,20,818,Paypal,2025-10-17,2502.74,Completed
642,28,342,Paypal,2025-10-02,1381.38,Completed
643,49,507,Bank Transfer,2025-10-15,1513.25,Completed
644,4,739,Paypal,2025-10-17,305.22,Completed
645,18,216,Cash,2025-10-29,1447.46,Failed
646,17,1063,Cash,2025-10-04,2625.84,Completed
647,26,50,Bank Transfer,2025-11-04,2469.7,Completed
648,13,35,Paypal,2025-10-13,1423.11,Refunded
649,30,976,Card,2025-11-03,2901.04,Completed
650,10,539,Cash,2025-11-06,1075.28,Completed
651,29,215,Card,2025-10-21,803.48,Completed
652,26,31,Bank Transfer,2025-10-28,2647.77,Completed
653,9,265,Bank Transfer,2025-10-31,1436.86,Completed
654,2,1075,Card,2025-10-17,706.8,Completed
655,6,1057,Paypal,2025-10-16,1775.29,Completed
656,9,964,Card,2025-10-25,1909.9,Failed
657,33,313,Bank Transfer,2025-11-04,1008.57,Completed
658,25,257,Bank Transfer,2025-11-14,2073.63,Completed
659,18,581,Bank Transfer,2025-10-10,470.79,Completed
660,36,921,Cash,2025-10-15,2606.68,Completed
661,18,789,Cash,2025-10-05,308.6,Completed
662,6,308,Cash,2025-11-06,1417.14,Completed
663,49,473,Cash,2025-10-06,1028.27,Completed
664,37,288,Paypal,2025-10-01,2404.03,Completed
665,35,788,Paypal,2025-10-07,2925.82,Completed
666,24,777,Bank Transfer,2025-10-16,2250.83,Completed
667,28,453,Paypal,2025-11-07,1888.37,Completed
668,15,950,Bank Transfer,2025-11-15,2362.31,Completed
669,40,332,Cash,2025-11-02,1127.07,Completed
670,36,378,Paypal,2025-10-08,1692.62,Completed
671,16,533,Paypal,2025-10-16,686.49,Completed
672,2,486,Cash,2025-11-07,2236.59,Completed
673,22,698,Bank Transfer,2025-10-21,155.61,Completed
674,30,282,Bank Transfer,2025-11-14,1076.48,Completed
675,39,115,Cash,2025-11-03,1425.15,Completed
676,29,964,Paypal,2025-11-05,2181.64,Refunded
677,15,824,Cash,2025-10-14,1247.5,Completed
678,1,1017,Paypal,2025-11-06,599.13,Completed
679,1,123,Cash,2025-10-10,622.93,Completed
681,26,192,Card,2025-11-09,505.32,Completed
682,11,643,Paypal,2025-10-29,1978.63,Failed
683,38,87,Cash,2025-10-18,1656.94,Completed
684,2,549,Bank Transfer,2025-11-12,2179.05,Completed
685,35,175,Card,2025-11-11,330.67,Completed
686,24,731,Cash,2025-10-19,2262.04,Completed
687,17,818,Paypal,2025-10-21,1199.71,Completed
688,7,245,Card,2025-10-20,1688.66,Completed
690,18,166,Cash,2025-11-14,568.63,Completed
691,43,1043,Paypal,2025-10-18,1423.27,Completed
692,32,102,Bank Transfer,2025-10-26,2732.01,Completed
694,40,1012,Cash,2025-10-31,2608.42,Completed
695,25,663,Cash,2025-11-13,2939.63,Completed
696,27,155,Paypal,2025-11-07,774.28,Completed
697,16,265,Card,2025-11-05,1326.98,Completed
699,29,817,Bank Transfer,2025-10-31,1041.31,Completed
700,40,905,Card,2025-10-19,2033.11,Completed
701,20,1050,Card,2025-11-10,2898.15,Completed
702,9,974,Cash,2025-10-17,1785.36,Completed
703,6,787,Card,2025-10-24,1132.68,Completed
704,45,17,Paypal,2025-11-03,1334.72,Completed
705,45,357,Card,2025-10-05,1917.36,Completed
706,38,270,Paypal,2025-10-04,2599.25,Completed
707,1,474,Card,2025-10-12,2970.95,Completed
709,9,411,Cash,2025-11-09,2521.08,Completed
710,50,531,Bank Transfer,2025-11-05,1539.31,Completed
711,20,849,Bank Transfer,2025-10-11,1253.89,Completed
712,4,131,Paypal,2025-10-19,2244.33,Completed
713,16,843,Cash,2025-10-18,2671.65,Completed
714,11,769,Card,2025-10-28,1394.93,Completed
715,16,898,Paypal,2025-10-27,821.86,Completed
716,50,110,Card,2025-10-06,2837.94,Completed
717,30,654,Paypal,2025-11-05,1158.38,Failed
718,7,421,Bank Transfer,2025-10-04,692.56,Completed
719,42,552,Cash,2025-11-08,2282.41,Completed
720,35,977,Cash,2025-11-14,2084.57,Completed
721,11,495,Bank Transfer,2025-10-15,2171.86,Completed
722,34,304,Paypal,2025-10-02,1661.03,Completed
723,42,345,Cash,2025-11-03,674.63,Completed
724,42,187,Paypal,2025-11-09,560.75,Completed
725,27,323,Paypal,2025-10-27,1638.05,Completed
726,50,368,Cash,2025-11-08,412.28,Completed
727,24,500,Bank Transfer,2025-10-20,1474.99,Completed
728,4,595,Paypal,2025-10-31,507.52,Completed
729,19,84,Cash,2025-10-09,206.09,Completed
730,3,253,Paypal,2025-10-14,2432.64,Completed
731,31,8,Paypal,2025-10-18,1365.49,Completed
732,18,354,Card,2025-10-10,867.81,Completed
733,5,567,Cash,2025-10-13,824.13,Completed
734,24,810,Card,2025-11-08,2235.92,Completed
735,35,7,Cash,2025-10-13,205.21,Completed
736,31,23,Bank Transfer,2025-10-26,2651.41,Completed
737,50,747,Paypal,2025-10-02,957.98,Refunded
738,11,631,Paypal,2025-10-03,720.69,Failed
739,29,554,Card,2025-10-05,435.06,Completed
740,15,437,Card,2025-10-05,189.79,Completed
741,12,621,Paypal,2025-10-30,1403.19,Completed
742,37,202,Paypal,2025-10-11,1724.98,Completed
743,23,785,Cash,2025-10-25,2455.61,Failed
744,14,572,Paypal,2025-11-07,217.01,Completed
745,26,652,Card,2025-10-27,983.92,Completed
746,41,699,Paypal,2025-11-11,2005.0,Completed
747,46,102,Bank Transfer,2025-11-03,344.64,Completed
748,30,861,Bank Transfer,2025-10-05,2754.39,Completed
749,8,439,Bank Transfer,2025-10-19,809.35,Completed
750,36,1006,Cash,2025-10-07,999.04,Completed
751,41,303,Paypal,2025-10-26,1912.09,Completed
752,27,122,Card,2025-11-09,92.47,Completed
753,3,161,Cash,2025-11-12,330.43,Completed
754,27,491,Bank Transfer,2025-10-29,997.24,Completed
755,28,336,Bank Transfer,2025-11-13,924.07,Completed
757,44,431,Bank Transfer,2025-11-05,1025.77,Completed
758,43,1017,Cash,2025-10-13,2863.92,Completed
759,4,947,Bank Transfer,2025-10-05,1197.92,Completed
760,16,757,Card,2025-11-05,1226.18,Completed
761,19,648,Cash,2025-10-25,2643.48,Failed
762,32,452,Card,2025-10-12,2362.07,Completed
763,36,330,Bank Transfer,2025-10-06,2760.83,Completed
764,24,488,Paypal,2025-10-16,238.52,Completed
765,39,120,Card,2025-10-02,1454.8,Completed
766,1,401,Card,2025-11-12,225.91,Completed
767,44,30,Paypal,2025-10-28,1879.06,Completed
768,18,556,Bank Transfer,2025-11-07,1931.35,Completed
769,31,1070,Bank Transfer,2025-11-12,2140.9,Failed
770,19,635,Cash,2025-10-23,128.51,Completed
771,38,205,Card,2025-10-13,751.93,Completed
772,6,221,Cash,2025-10-14,549.35,Completed
773,31,558,Paypal,2025-10-18,224.91,Completed
774,45,193,Card,2025-11-15,999.62,Completed
775,47,19,Bank Transfer,2025-10-17,1502.3,Completed
776,34,128,Card,2025-11-09,1948.93,Completed
777,41,86,Cash,2025-10-17,2442.91,Completed
778,6,988,Bank Transfer,2025-11-11,2289.76,Completed
779,14,1022,Cash,2025-10-16,1152.93,Completed
780,9,182,Card,2025-11-12,2554.28,Completed
781,33,423,Card,2025-10-26,554.14,Completed
782,5,52,Cash,2025-11-03,235.65,Completed
783,1,363,Card,2025-10-28,2677.22,Completed
784,44,729,Card,2025-10-24,892.63,Completed
785,13,462,Bank Transfer,2025-10-18,1209.48,Completed
786,42,875,Card,2025-10-22,662.69,Completed
787,21,683,Paypal,2025-11-08,2987.14,Completed
788,24,1054,Cash,2025-10-18,2030.18,Completed
789,18,311,Bank Transfer,2025-10-06,2629.7,Completed
790,15,709,Bank Transfer,2025-10-27,1699.01,Completed
791,3,999,Card,2025-10-03,570.9,Completed
792,31,5,Paypal,2025-10-04,1378.12,Completed
793,4,459,Card,2025-10-31,418.39,Completed
794,5,1030,Cash,2025-10-16,2583.85,Failed
795,2,984,Paypal,2025-10-08,1337.94,Completed
796,45,98,Card,2025-11-12,1090.03,Completed
798,15,156,Bank Transfer,2025-11-09,575.3,Refunded
799,31,809,Paypal,2025-10-09,1050.33,Completed
800,28,263,Paypal,2025-10-04,1383.28,Completed
801,2,854,Cash,2025-10-19,769.2,Completed
803,1,1097,Paypal,2025-11-15,554.5,Completed
804,19,880,Card,2025-11-10,317.26,Completed
805,5,748,Cash,2025-10-31,1081.1,Completed
806,8,668,Cash,2025-10-09,403.78,Completed
807,10,872,Card,2025-10-15,2024.83,Completed
808,6,398,Bank Transfer,2025-10-24,2872.55,Completed
809,8,1086,Bank Transfer,2025-11-10,1899.34,Completed
810,12,435,Card,2025-10-14,2678.98,Completed
811,25,206,Card,2025-11-05,89.64,Completed
812,34,327,Card,2025-11-04,983.84,Completed
813,42,360,Card,2025-10-25,2192.8,Completed
814,26,1089,Bank Transfer,2025-10-23,1783.25,Completed
815,44,165,Bank Transfer,2025-10-19,1170.66,Completed
816,32,641,Bank Transfer,2025-10-12,2011.59,Completed
817,13,202,Cash,2025-10-23,1383.6,Completed
818,4,1099,Bank Transfer,2025-11-07,2306.97,Completed
819,38,216,Card,2025-10-17,909.52,Completed
820,34,186,Bank Transfer,2025-10-29,1408.25,Completed
821,36,172,Cash,2025-10-21,1499.53,Completed
822,42,434,Card,2025-10-12,384.84,Completed
823,34,548,Paypal,2025-10-30,689.79,Completed
824,41,1002,Bank Transfer,2025-10-31,2646.27,Completed
825,35,1012,Bank Transfer,2025-11-11,1396.39,Completed
826,10,403,Paypal,2025-10-04,954.78,Completed
827,6,815,Bank Transfer,2025-10-03,2314.06,Completed
828,35,135,Bank Transfer,2025-10-12,1817.75,Completed
829,7,941,Paypal,2025-10-02,2356.91,Completed
830,6,871,Bank Transfer,2025-10-01,384.85,Failed
831,13,1047,Cash,2025-10-28,922.8,Completed
832,29,948,Card,2025-11-15,854.86,Failed
833,38,875,Cash,2025-11-09,472.12,Completed
834,23,455,Cash,2025-11-08,958.68,Completed
836,34,56,Bank Transfer,2025-10-16,403.73,Completed
837,25,531,Bank Transfer,2025-10-30,391.37,Completed
838,23,148,Bank Transfer,2025-10-09,174.38,Completed
839,25,230,Cash,2025-10-06,1111.48,Failed
840,31,174,Cash,2025-11-13,1680.82,Completed
841,10,390,Paypal,2025-10-21,1153.27,Completed
842,4,729,Paypal,2025-11-07,431.28,Completed
843,24,108,Card,2025-11-16,2642.23,Completed
844,33,155,Cash,2025-11-08,2409.22,Completed
845,28,771,Bank Transfer,2025-10-06,2915.11,Completed
846,25,397,Cash,2025-11-03,2247.66,Completed
847,14,424,Paypal,2025-10-25,745.8,Completed
848,46,273,Cash,2025-11-02,620.15,Completed
849,39,312,Cash,2025-11-05,1475.76,Completed
850,46,640,Card,2025-10-30,2176.72,Refunded
851,34,350,Bank Transfer,2025-10-23,1775.4,Completed
852,27,810,Cash,2025-11-11,133.78,Failed
853,25,932,Card,2025-10-04,652.6,Failed
854,23,676,Bank Transfer,2025-10-03,1568.2,Completed
855,21,404,Bank Transfer,2025-11-12,2142.7,Completed
856,1,344,Bank Transfer,2025-10-30,1197.9,Refunded
857,14,375,Bank Transfer,2025-11-15,785.1,Completed
858,41,544,Cash,2025-10-12,2967.51,Completed
859,39,993,Cash,2025-10-02,181.41,Completed
860,4,935,Bank Transfer,2025-11-13,1272.95,Completed
861,24,1080,Paypal,2025-11-02,2473.36,Completed
863,30,982,Bank Transfer,2025-10-12,2272.86,Failed
864,6,1050,Bank Transfer,2025-11-07,2050.8,Completed
865,16,380,Paypal,2025-10-29,1874.48,Completed
866,11,282,Card,2025-11-05,489.41,Completed
867,35,362,Cash,2025-10-27,997.9,Failed
868,3,790,Bank Transfer,2025-10-13,2694.96,Failed
869,39,644,Bank Transfer,2025-10-22,2732.12,Completed
870,8,801,Paypal,2025-11-12,89.97,Completed
871,11,967,Cash,2025-10-13,2156.65,Completed
872,1,887,Paypal,2025-10-10,953.87,Completed
873,38,198,Card,2025-10-21,2563.72,Completed
874,23,115,Cash,2025-10-31,256.69,Completed
875,11,743,Card,2025-11-01,2983.1,Completed
876,36,565,Cash,2025-10-30,665.81,Completed
877,15,644,Bank Transfer,2025-10-30,1124.91,Completed
878,18,91,Cash,2025-10-23,923.41,Completed
879,29,97,Paypal,2025-10-03,775.02,Completed
880,16,146,Bank Transfer,2025-11-15,1762.99,Completed
881,32,210,Card,2025-10-26,2409.93,Completed
882,8,650,Bank Transfer,2025-10-16,1602.42,Completed
883,45,540,Card,2025-11-14,2230.96,Completed
885,46,407,Card,2025-11-06,1540.45,Completed
886,22,171,Paypal,2025-11-07,360.34,Completed
887,46,5,Paypal,2025-10-21,989.48,Completed
888,43,86,Bank Transfer,2025-10-19,408.63,Completed
889,18,268,Paypal,2025-10-18,1388.49,Completed
890,16,1004,Bank Transfer,2025-10-22,1156.86,Completed
891,43,665,Paypal,2025-10-30,2912.68,Completed
892,1,756,Bank Transfer,2025-10-22,1754.19,Failed
893,4,1034,Bank Transfer,2025-10-06,83.97,Completed
894,8,950,Paypal,2025-11-14,166.32,Completed
895,14,800,Card,2025-10-09,2257.27,Completed
896,47,722,Cash,2025-10-28,2575.02,Completed
897,50,2,Paypal,2025-10-28,2121.73,Completed
898,47,364,Bank Transfer,2025-10-04,1521.81,Completed
899,2,834,Paypal,2025-10-24,1441.0,Completed
900,40,1059,Cash,2025-10-10,2523.92,Completed
901,26,565,Paypal,2025-10-10,804.69,Completed
902,6,939,Card,2025-10-28,2974.37,Completed
903,12,1055,Bank Transfer,2025-11-07,1734.16,Completed
904,9,750,Paypal,2025-11-12,516.41,Completed
905,19,1094,Cash,2025-11-16,582.85,Completed
906,47,127,Bank Transfer,2025-10-11,2048.69,Completed
907,37,143,Bank Transfer,2025-11-10,2986.45,Completed
910,5,863,Cash,2025-10-21,2760.07,Completed
911,25,513,Card,2025-11-09,1607.31,Completed
912,6,681,Paypal,2025-10-08,2912.57,Completed
913,25,547,Paypal,2025-11-05,1536.9,Refunded
914,5,1085,Card,2025-10-09,120.09,Completed
915,2,268,Bank Transfer,2025-11-07,158.83,Completed
916,23,330,Paypal,2025-10-09,2708.95,Completed
917,22,634,Card,2025-10-30,1010.25,Completed
918,21,353,Paypal,2025-10-26,1738.06,Completed
919,50,1045,Paypal,2025-11-05,1370.82,Completed
920,48,181,Cash,2025-11-01,1624.38,Completed
921,23,671,Paypal,2025-10-03,843.83,Completed
922,41,1100,Cash,2025-11-08,1300.64,Completed
923,50,300,Card,2025-11-12,1686.65,Completed
924,48,942,Bank Transfer,2025-11-03,141.98,Completed
925,47,691,Cash,2025-11-12,2469.65,Failed
926,17,27,Bank Transfer,2025-10-19,2237.45,Completed
927,3,1081,Cash,2025-10-23,1188.54,Completed
928,41,1028,Card,2025-10-30,2352.98,Completed
929,24,183,Paypal,2025-10-24,2411.47,Completed
930,23,654,Cash,2025-10-06,1788.38,Completed
931,2,761,Bank Transfer,2025-11-06,2414.53,Completed
932,40,705,Bank Transfer,2025-10-05,795.34,Completed
933,5,1095,Paypal,2025-10-09,1343.5,Completed
934,23,365,Cash,2025-10-16,708.69,Completed
935,5,197,Card,2025-10-20,339.52,Completed
936,34,44,Bank Transfer,2025-11-03,2000.67,Completed
938,47,125,Bank Transfer,2025-11-01,1778.89,Completed
939,9,211,Card,2025-11-09,1327.73,Completed
941,30,803,Bank Transfer,2025-10-23,2349.17,Completed
942,43,822,Card,2025-11-08,2118.54,Completed
943,16,98,Bank Transfer,2025-10-02,2282.12,Completed
944,16,334,Cash,2025-11-12,1618.75,Completed
945,44,782,Bank Transfer,2025-10-12,1356.57,Completed
946,6,659,Paypal,2025-10-16,210.94,Failed
947,49,529,Card,2025-10-17,2128.78,Completed
948,40,45,Bank Transfer,2025-10-31,1017.91,Completed
949,34,873,Cash,2025-10-03,275.99,Completed
950,4,779,Bank Transfer,2025-10-24,2044.94,Completed
951,24,379,Paypal,2025-10-27,645.7,Completed
952,45,177,Cash,2025-10-31,319.25,Completed
953,45,196,Cash,2025-10-19,1473.88,Completed
954,16,797,Bank Transfer,2025-10-16,2046.8,Completed
955,31,132,Card,2025-11-16,870.03,Completed
956,47,353,Paypal,2025-10-20,2452.83,Completed
957,25,78,Card,2025-10-31,1668.97,Completed
958,25,1087,Bank Transfer,2025-11-09,2753.76,Completed
959,20,12,Cash,2025-10-19,2760.63,Completed
960,18,497,Paypal,2025-10-08,878.24,Completed
961,11,179,Bank Transfer,2025-10-26,1941.91,Completed
962,49,776,Bank Transfer,2025-10-28,2512.0,Completed
963,21,483,Card,2025-11-11,1797.35,Completed
964,43,949,Paypal,2025-10-21,2483.5,Completed
965,31,50,Card,2025-10-01,534.26,Completed
966,2,322,Bank Transfer,2025-11-04,1622.55,Completed
967,48,1006,Bank Transfer,2025-10-05,1175.97,Completed
968,26,484,Bank Transfer,2025-11-09,2484.86,Refunded
969,23,270,Paypal,2025-11-04,2296.96,Refunded
970,25,463,Bank Transfer,2025-10-26,2720.63,Completed
971,26,464,Cash,2025-10-22,2852.58,Completed
972,2,287,Bank Transfer,2025-10-07,250.29,Completed
973,34,964,Bank Transfer,2025-11-15,452.5,Completed
974,39,827,Cash,2025-11-09,1109.53,Completed
975,48,245,Card,2025-10-16,2273.32,Completed
976,20,461,Card,2025-10-15,214.12,Completed
977,41,801,Card,2025-10-15,599.02,Completed
978,41,759,Cash,2025-11-16,2390.85,Completed
979,29,235,Card,2025-10-08,1523.78,Completed
980,50,1094,Paypal,2025-10-24,2199.81,Completed
981,14,726,Cash,2025-11-01,2669.69,Completed
982,11,193,Card,2025-11-08,1188.76,Completed
983,9,437,Cash,2025-10-20,970.42,Completed
984,43,507,Bank Transfer,2025-10-20,943.43,Completed
985,25,892,Paypal,2025-10-06,2906.87,Completed
986,4,361,Cash,2025-10-24,2255.01,Completed
987,2,258,Card,2025-10-18,2070.63,Refunded
988,16,832,Cash,2025-10-30,1420.37,Completed
989,12,60,Bank Transfer,2025-10-14,2510.81,Completed
990,29,7,Bank Transfer,2025-11-16,1987.92,Completed
991,19,271,Cash,2025-10-16,262.34,Completed
992,24,121,Paypal,2025-11-04,704.83,Completed
993,43,989,Card,2025-10-14,258.7,Completed
994,36,869,Card,2025-10-09,2432.77,Completed
995,29,680,Cash,2025-10-02,888.69,Completed
996,45,20,Bank Transfer,2025-10-25,1319.64,Completed
997,50,502,Bank Transfer,2025-11-07,1018.85,Completed
998,31,220,Card,2025-10-11,2553.34,Completed
999,36,786,Card,2025-10-18,2935.53,Completed
1000,48,31,Card,2025-10-13,560.3,Refunded
